tenure_group,customer_count,actual_churn_rate,average_predicted_churn_probability
0-6,311,0.5562700964630225,0.6647802405497129
7-12,138,0.30434782608695654,0.4942249712771756
13-24,206,0.2912621359223301,0.4577769798421639
25-48,304,0.21052631578947367,0.3263986375102082
49+,450,0.07777777777777778,0.17995859304494302
