model_name,selected_threshold,accuracy,precision,recall,f1,roc_auc
random_forest,0.45,0.7480482611781405,0.516295025728988,0.8048128342245989,0.6290491118077325,0.8427432896742361
