risk_level,customer_count,average_churn_probability,total_monthly_revenue,average_monthly_charges
High,304,0.8056892388195201,23747.05,78.11529605263158
Medium,332,0.560409853167311,22671.35,68.28719879518071
Low,773,0.15326353365503623,43882.8,56.769469598965074
