{
  "model_name": "logistic_regression",
  "accuracy": 0.7352732434350603,
  "precision": 0.5008488964346349,
  "recall": 0.7887700534759359,
  "f1": 0.612668743509865,
  "roc_auc": 0.8411687204526079
}