{
  "model_name": "random_forest",
  "accuracy": 0.759403832505323,
  "precision": 0.5324675324675324,
  "recall": 0.767379679144385,
  "f1": 0.628696604600219,
  "roc_auc": 0.8427432896742361
}